City/Community,,House_units,House_price,House_change,House_foot,Condo_units,Condo_price,Condo_change,Month,
Countywide,,1588,565,0.051,336,785,410,0.065,Jan18,
Allied Gardens,92120,17,680,0.187,561,11,374,0.336,Jan18,
Alpine,91901,14,629,0.313,275,2,275,0.339,Jan18,
Bay Park,92110,12,690,-0.025,526,17,415,0.145,Jan18,
Bonita,91902,12,819,0.316,281,4,396,0.172,Jan18,
Bonsall,92003,3,590,-0.224,232,2,379,0.467,Jan18,
Borrego Springs,92004,10,190,0.086,133,1,84,-0.618,Jan18,
Boulevard,91905,3,130,,104,0,,,Jan18,
Campo,91906,2,283,0.091,190,0,,,Jan18,
Cardiff-by-the-Sea,92007,6,1099,-0.433,723,2,571,-0.479,Jan18,
Carlsbad,92008,9,799,-0.018,399,11,540,-0.018,Jan18,
Carlsbad,92009,26,1000,0.093,393,21,510,0.153,Jan18,
Carlsbad,92010,13,760,0.024,382,3,565,0.024,Jan18,
Carlsbad,92011,12,994,0.343,483,5,855,0.358,Jan18,
Carmel Valley,92130,12,1348,0.078,321,18,628,0.152,Jan18,
Chula Vista,91910,24,495,0.065,304,9,422,0.158,Jan18,
Chula Vista,91911,28,474,0.030,282,9,312,0.360,Jan18,
Chula Vista,91913,29,576,0.002,274,18,354,0.045,Jan18,
Chula Vista,91914,15,700,-0.060,274,4,353,-0.032,Jan18,
Chula Vista,91915,9,574,0.052,458,12,388,0.033,Jan18,
Clairemont,92117,24,664,0.124,407,7,365,0.014,Jan18,
College Grove,92115,32,515,-0.046,1042,17,253,0.020,Jan18,
Coronado,92118,14,1865,-0.085,895,12,1413,0.540,Jan18,
Del Mar,92014,15,2100,0.224,243,8,1520,0.388,Jan18,
Descanso,91916,2,303,,,0,,,Jan18,
Downtown,92101,0,,,,61,535,-0.092,Jan18,
Dulzura,91917,0,,,436,0,,,Jan18,
East San Diego,92102,13,440,0.166,412,9,274,-0.173,Jan18,
East San Diego,92105,22,410,0.090,308,4,220,0.007,Jan18,
El Cajon,92019,26,549,0.114,322,9,295,0.054,Jan18,
El Cajon,92020,23,475,0.022,301,8,272,0.124,Jan18,
El Cajon,92021,39,480,0.055,294,7,260,-0.011,Jan18,
Encanto,92114,33,415,0.122,475,0,,,Jan18,
Encinitas,92024,21,1110,0.028,276,12,586,-0.132,Jan18,
Escondido,92025,22,480,-0.035,283,10,382,0.060,Jan18,
Escondido,92026,36,522,0.186,303,4,379,0.595,Jan18,
Escondido,92027,47,443,0.009,323,8,222,0.094,Jan18,
Escondido,92029,9,878,0.538,282,2,428,-0.038,Jan18,
Fallbrook,92028,36,530,0.082,355,1,200,-0.051,Jan18,
Hillcrest,92103,15,778,-0.088,477,18,487,-0.027,Jan18,
Imperial Beach,91932,14,519,-0.026,,11,293,-0.368,Jan18,
Jacumba,91934,0,,,270,0,,,Jan18,
Jamul,91935,12,525,-0.112,265,0,,,Jan18,
Julian,92036,8,400,0.325,864,0,,,Jan18,
La Jolla,92037,19,2699,0.384,294,19,999,0.651,Jan18,
La Mesa,91941,20,657,0.216,385,4,285,0.036,Jan18,
La Mesa,91942,16,535,0.158,333,11,354,0.221,Jan18,
Lakeside,92040,22,503,0.158,327,8,184,-0.184,Jan18,
Lemon Grove,91945,19,445,0.122,430,0,,,Jan18,
Linda Vista,92111,18,578,0.061,365,10,393,0.049,Jan18,
Logan Heights,92113,15,375,0.119,393,1,225,0.004,Jan18,
Mira Mesa,92126,23,555,0.024,391,26,357,0.087,Jan18,
Mission Village,92123,16,566,0.089,370,6,473,0.084,Jan18,
National City,91950,13,412,0.123,626,4,323,0.772,Jan18,
Normal Heights,92116,21,649,-0.218,463,13,365,0.104,Jan18,
North Park,92104,24,740,0.182,628,13,400,0.194,Jan18,
Ocean Beach,92107,7,925,-0.033,809,5,517,0.240,Jan18,
Oceanside,92054,10,753,0.224,380,11,539,0.078,Jan18,
Oceanside,92056,56,536,0.177,335,5,359,0.604,Jan18,
Oceanside,92057,55,460,-0.042,280,9,348,0.171,Jan18,
Oceanside,92058,,,,,,,,Jan18,
Pacific Beach,92109,11,1275,0.063,710,24,514,-0.258,Jan18,
Palomar Mountain,92060,0,,,,0,,,Jan18,
Paradise Hills,92139,13,405,-0.024,347,7,305,-0.045,Jan18,
Pauma Valley,92061,4,401,,226,1,375,0.543,Jan18,
Pine Valley,91962,3,425,0.065,281,0,,,Jan18,
Point Loma,92106,12,1058,0.202,525,9,850,0.283,Jan18,
Potrero,91963,1,263,,231,0,,,Jan18,
Poway,92064,34,772,0.169,387,2,450,0.415,Jan18,
Ramona,92065,35,510,0.030,284,2,280,0.067,Jan18,
Ranch Bernardo,92127,28,1158,0.265,373,14,615,0.453,Jan18,
Ranch Bernardo,92128,26,773,0.092,381,37,470,0.039,Jan18,
Ranch Penasquitos,92129,15,737,-0.001,370,9,305,-0.024,Jan18,
Ranch Santa Fe,92067,8,2800,0.577,416,3,1100,0.158,Jan18,
Ranch Santa Fe,92091,4,1760,0.402,548,0,,,Jan18,
Ranchita,92066,1,128,,173,0,,,Jan18,
San Carlos,92119,20,617,0.126,375,12,320,0.232,Jan18,
San Diego,92108,1,655,0.191,,26,338,-0.127,Jan18,
San Diego,92112,0,,,308,0,,,Jan18,
San Marcos,92069,28,593,0.022,323,4,365,-0.172,Jan18,
San Marcos,92078,16,694,-0.061,290,21,460,0.011,Jan18,
San Ysidro,92173,9,455,0.230,,6,190,-0.237,Jan18,
Santa Ysabel,92070,0,,,369,0,,,Jan18,
Santee,92071,30,523,0.106,408,19,349,0.012,Jan18,
Scripps Ranch,92131,10,848,-0.031,563,11,465,0.107,Jan18,
Solana Beach,92075,7,1500,0.000,307,8,933,0.111,Jan18,
Sorrento Valley,92121,4,1061,0.405,427,1,660,0.234,Jan18,
South San Diego,92154,19,500,0.149,336,8,336,0.122,Jan18,
Spring Valley,91977,48,453,0.080,285,11,330,0.542,Jan18,
Spring Valley,91978,9,565,0.088,262,3,280,1.074,Jan18,
Tierrasanta,92124,10,650,0.036,357,2,443,0.052,Jan18,
University City,92122,4,830,0.121,473,26,445,-0.110,Jan18,
Valley Center,92082,10,595,0.050,311,0,,,Jan18,
Vista,92081,18,570,0.129,295,3,305,-0.321,Jan18,
Vista,92083,19,445,0.134,303,7,339,0.078,Jan18,
Vista,92084,32,545,0.048,268,0,,,Jan18,
Warner Springs,92086,1,100,,99,0,,,Jan18,
Countywide,,1630,580,0.084,344,806,426,0.107,Feb18,
Allied Gardens,92120,21,650,0.085,413,3,445,0.612,Feb18,
Alpine,91901,10,593,0.131,332,0,,,Feb18,
Bay Park,92110,14,798,0.197,531,21,444,0.244,Feb18,
Bonita,91902,13,724,0.158,299,3,365,0.567,Feb18,
Bonsall,92003,1,575,-0.374,295,1,485,0.504,Feb18,
Borrego Springs,92004,13,200,0.000,155,1,160,1.302,Feb18,
Boulevard,91905,5,299,-0.260,200,0,,,Feb18,
Campo,91906,8,320,0.333,200,0,,,Feb18,
Cardiff-by-the-Sea,92007,8,871,0.542,600,2,1189,-0.220,Feb18,
Carlsbad,92008,11,850,0.034,445,14,879,2.256,Feb18,
Carlsbad,92009,24,990,0.135,372,19,525,0.148,Feb18,
Carlsbad,92010,12,743,0.155,350,10,518,0.067,Feb18,
Carlsbad,92011,9,1030,0.342,374,6,665,0.056,Feb18,
Carmel Valley,92130,15,1262,-0.058,497,25,625,-0.063,Feb18,
Chula Vista,91910,33,559,0.238,296,8,302,0.033,Feb18,
Chula Vista,91911,26,471,0.157,323,10,303,-0.024,Feb18,
Chula Vista,91913,24,580,0.126,281,22,400,0.149,Feb18,
Chula Vista,91914,16,828,0.118,249,2,388,0.092,Feb18,
Chula Vista,91915,13,655,0.172,267,17,426,0.027,Feb18,
Clairemont,92117,29,662,0.123,478,14,365,-0.099,Feb18,
College Grove,92115,39,507,0.056,398,14,292,0.450,Feb18,
Coronado,92118,11,1998,0.076,847,13,1299,0.067,Feb18,
Del Mar,92014,14,2013,0.383,710,6,1314,0.776,Feb18,
Descanso,91916,2,535,,428,0,,,Feb18,
Downtown,92101,0,,,,67,485,-0.030,Feb18,
Dulzura,91917,0,,,,0,,,Feb18,
East San Diego,92102,14,419,-0.303,389,6,355,0.352,Feb18,
East San Diego,92105,21,380,-0.034,363,7,205,0.513,Feb18,
El Cajon,92019,38,563,0.184,316,14,325,0.140,Feb18,
El Cajon,92020,27,505,-0.029,329,6,268,0.052,Feb18,
El Cajon,92021,29,452,0.062,326,9,268,0.094,Feb18,
Encanto,92114,43,415,0.142,322,2,261,-0.232,Feb18,
Encinitas,92024,34,1204,0.121,509,11,610,0.047,Feb18,
Escondido,92025,25,620,0.425,337,4,345,0.418,Feb18,
Escondido,92026,41,518,0.102,291,2,303,0.123,Feb18,
Escondido,92027,30,499,0.240,283,4,295,0.705,Feb18,
Escondido,92029,17,663,-0.170,308,0,,,Feb18,
Fallbrook,92028,33,543,0.153,276,1,421,0.347,Feb18,
Hillcrest,92103,16,964,-0.055,574,30,511,0.087,Feb18,
Imperial Beach,91932,3,580,0.078,567,3,240,-0.484,Feb18,
Jacumba,91934,0,,,,0,,,Feb18,
Jamul,91935,9,700,0.077,280,0,,,Feb18,
Julian,92036,5,480,0.433,267,0,,,Feb18,
La Jolla,92037,19,1728,-0.134,615,32,638,-0.303,Feb18,
La Mesa,91941,28,571,-0.048,345,1,320,0.306,Feb18,
La Mesa,91942,26,558,0.149,407,15,300,-0.084,Feb18,
Lakeside,92040,30,501,0.054,331,8,240,0.200,Feb18,
Lemon Grove,91945,22,453,0.027,321,1,234,0.365,Feb18,
Linda Vista,92111,17,619,0.086,433,15,400,0.019,Feb18,
Logan Heights,92113,11,330,-0.045,300,4,376,0.191,Feb18,
Mira Mesa,92126,21,627,0.097,377,16,360,-0.002,Feb18,
Mission Village,92123,15,615,0.118,459,14,422,-0.161,Feb18,
National City,91950,15,435,0.152,338,6,268,-0.330,Feb18,
Normal Heights,92116,16,718,0.271,603,11,350,-0.025,Feb18,
North Park,92104,9,597,0.038,609,13,400,0.280,Feb18,
Ocean Beach,92107,9,1210,0.083,684,6,529,0.841,Feb18,
Oceanside,92054,24,660,-0.022,446,14,488,0.061,Feb18,
Oceanside,92056,51,525,0.111,336,2,274,-0.206,Feb18,
Oceanside,92057,43,465,0.084,301,5,357,0.071,Feb18,
Oceanside,92058,,,,,,,,Feb18,
Pacific Beach,92109,14,1083,-0.022,726,23,600,0.013,Feb18,
Palomar Mountain,92060,0,,,,0,,,Feb18,
Paradise Hills,92139,11,440,0.060,320,2,358,0.212,Feb18,
Pauma Valley,92061,2,709,0.127,427,0,,,Feb18,
Pine Valley,91962,2,379,-0.053,252,0,,,Feb18,
Point Loma,92106,8,1606,0.656,662,1,685,0.761,Feb18,
Potrero,91963,0,,,,0,,,Feb18,
Poway,92064,37,702,0.080,387,5,426,0.134,Feb18,
Ramona,92065,27,528,0.055,276,4,326,0.050,Feb18,
Ranch Bernardo,92127,29,1120,0.032,368,16,360,-0.286,Feb18,
Ranch Bernardo,92128,15,720,0.210,331,32,539,0.372,Feb18,
Ranch Penasquitos,92129,22,768,0.129,406,9,360,0.101,Feb18,
Ranch Santa Fe,92067,13,2480,0.323,496,0,,,Feb18,
Ranch Santa Fe,92091,6,1100,0.196,532,1,765,0.208,Feb18,
Ranchita,92066,0,,,,0,,,Feb18,
San Carlos,92119,20,618,0.062,412,7,315,0.137,Feb18,
San Diego,92108,0,,,,21,365,0.159,Feb18,
San Diego,92112,0,,,,0,,,Feb18,
San Marcos,92069,26,546,0.040,333,7,352,0.431,Feb18,
San Marcos,92078,31,730,0.010,314,19,480,0.116,Feb18,
San Ysidro,92173,3,310,-0.291,260,3,231,0.127,Feb18,
Santa Ysabel,92070,0,,,,0,,,Feb18,
Santee,92071,28,532,0.156,368,27,400,0.198,Feb18,
Scripps Ranch,92131,23,930,0.136,390,9,530,0.206,Feb18,
Solana Beach,92075,8,1345,0.013,620,8,1191,0.791,Feb18,
Sorrento Valley,92121,2,954,0.177,399,2,524,0.046,Feb18,
South San Diego,92154,29,499,-0.007,279,7,270,-0.036,Feb18,
Spring Valley,91977,36,456,0.036,307,9,300,0.163,Feb18,
Spring Valley,91978,9,605,0.190,234,2,330,,Feb18,
Tierrasanta,92124,10,771,0.264,363,8,425,0.049,Feb18,
University City,92122,7,890,0.138,547,26,470,0.057,Feb18,
Valley Center,92082,10,619,0.145,229,0,,,Feb18,
Vista,92081,18,575,0.090,314,1,500,0.425,Feb18,
Vista,92083,20,455,0.151,345,3,270,-0.182,Feb18,
Vista,92084,35,580,0.177,287,4,397,0.391,Feb18,
Warner Springs,92086,3,379,0.150,187,0,,,Feb18,
Countywide,,"2,126",609,0.107,355,"1,038",418,0.072,Mar18,
Allied Gardens,92120,30,688,0.118,391,10,298,-0.064,Mar18,
Alpine,91901,18,612,0.020,313,2,286,0.080,Mar18,
Bay Park,92110,10,876,0.068,565,23,425,0.115,Mar18,
Bonita,91902,13,725,0.054,307,8,335,0.324,Mar18,
Bonsall,92003,7,697,-0.220,267,2,409,0.097,Mar18,
Borrego Springs,92004,11,267,0.526,164,,,,Mar18,
Boulevard,91905,,,,,,,,Mar18,
Campo,91906,5,320,0.502,170,,,,Mar18,
Cardiff-by-the-Sea,92007,4,1326,0.588,599,1,1250,0.129,Mar18,
Carlsbad,92008,14,1068,0.377,449,8,840,0.182,Mar18,
Carlsbad,92009,31,1065,0.170,368,26,478,0.027,Mar18,
Carlsbad,92010,20,816,0.050,367,5,465,0.075,Mar18,
Carlsbad,92011,17,990,0.005,409,12,763,0.155,Mar18,
Carmel Valley,92130,44,1310,0.048,478,31,630,0.105,Mar18,
Chula Vista,91910,24,551,0.060,326,15,276,-0.297,Mar18,
Chula Vista,91911,30,510,0.127,326,8,280,-0.051,Mar18,
Chula Vista,91913,31,600,0.143,267,21,359,0.056,Mar18,
Chula Vista,91914,15,750,0.147,259,4,434,0.157,Mar18,
Chula Vista,91915,13,626,0.015,263,26,423,0.086,Mar18,
Clairemont,92117,47,680,0.082,515,12,391,0.073,Mar18,
College Grove,92115,30,553,0.081,470,15,310,0.228,Mar18,
Coronado,92118,16,1805,0.081,825,8,1225,0.113,Mar18,
Del Mar,92014,12,2000,0.465,885,6,542,-0.514,Mar18,
Descanso,91916,3,451,-0.146,257,,,,Mar18,
Downtown,92101,2,983,,705,90,595,0.202,Mar18,
Dulzura,91917,2,417,,250,,,,Mar18,
East San Diego,92102,6,423,-0.051,520,8,290,-0.151,Mar18,
East San Diego,92105,15,400,0.053,394,6,218,-0.065,Mar18,
El Cajon,92019,34,563,0.100,319,15,325,0.035,Mar18,
El Cajon,92020,31,520,0.174,337,7,241,0.040,Mar18,
El Cajon,92021,31,469,0.011,319,23,276,0.150,Mar18,
Encanto,92114,42,435,0.086,329,3,254,-0.324,Mar18,
Encinitas,92024,43,1021,0.028,494,12,593,-0.037,Mar18,
Escondido,92025,34,570,0.301,304,10,295,-0.119,Mar18,
Escondido,92026,50,529,0.058,304,2,208,0.025,Mar18,
Escondido,92027,41,473,0.016,304,4,238,0.013,Mar18,
Escondido,92029,21,755,0.071,302,,,,Mar18,
Fallbrook,92028,76,525,0.019,278,1,200,-0.257,Mar18,
Hillcrest,92103,10,1205,0.282,626,21,475,0.081,Mar18,
Imperial Beach,91932,17,575,0.117,556,5,365,-0.189,Mar18,
Jacumba,91934,,,,,,,,Mar18,
Jamul,91935,13,679,0.269,302,,,,Mar18,
Julian,92036,2,218,0.318,212,,,,Mar18,
La Jolla,92037,33,2100,0.292,868,37,662,-0.167,Mar18,
La Mesa,91941,36,648,0.121,359,1,425,0.417,Mar18,
La Mesa,91942,32,528,0.045,424,16,312,-0.084,Mar18,
Lakeside,92040,33,490,0.032,328,14,271,0.206,Mar18,
Lemon Grove,91945,15,457,0.075,333,1,265,0.064,Mar18,
Linda Vista,92111,19,618,0.106,379,18,395,-0.053,Mar18,
Logan Heights,92113,15,348,-0.059,337,3,230,0.531,Mar18,
Mira Mesa,92126,35,615,0.074,402,24,430,0.191,Mar18,
Mission Village,92123,20,584,0.024,434,11,480,0.231,Mar18,
National City,91950,20,388,-0.034,347,4,340,-0.079,Mar18,
Normal Heights,92116,16,735,0.078,658,15,300,-0.143,Mar18,
North Park,92104,21,658,0.032,687,20,413,0.163,Mar18,
Ocean Beach,92107,20,1325,0.532,682,7,599,0.336,Mar18,
Oceanside,92054,21,591,0.049,409,21,530,0.227,Mar18,
Oceanside,92056,79,529,0.088,330,7,368,0.132,Mar18,
Oceanside,92057,82,477,0.037,297,10,307,0.004,Mar18,
Oceanside,92058,,,,,,,,Mar18,
Pacific Beach,92109,15,1039,-0.050,742,29,518,-0.042,Mar18,
Palomar Mountain,92060,1,420,,257,,,,Mar18,
Paradise Hills,92139,12,435,0.061,308,4,313,-0.016,Mar18,
Pauma Valley,92061,1,,,,,,,Mar18,
Pine Valley,91962,4,503,,266,,,,Mar18,
Point Loma,92106,12,1330,0.237,662,3,875,0.750,Mar18,
Potrero,91963,,,,,,,,Mar18,
Poway,92064,64,743,0.169,394,7,485,0.115,Mar18,
Ramona,92065,53,518,0.096,271,6,290,0.021,Mar18,
Ranch Bernardo,92127,39,1180,0.151,406,17,680,0.353,Mar18,
Ranch Bernardo,92128,41,775,0.084,396,42,455,-0.002,Mar18,
Ranch Penasquitos,92129,29,820,0.079,413,17,373,0.150,Mar18,
Ranch Santa Fe,92067,24,2308,0.074,502,1,1295,,Mar18,
Ranch Santa Fe,92091,6,2913,0.227,548,2,793,,Mar18,
Ranchita,92066,,,,,,,,Mar18,
San Carlos,92119,20,567,0.025,391,17,325,0.163,Mar18,
San Diego,92108,1,655,,375,42,343,-0.097,Mar18,
San Diego,92112,,,,,,,,Mar18,
San Marcos,92069,30,551,0.011,340,8,293,-0.159,Mar18,
San Marcos,92078,41,699,-0.036,355,20,428,-0.049,Mar18,
San Ysidro,92173,8,435,-0.033,301,7,280,0.366,Mar18,
Santa Ysabel,92070,,,,,,,,Mar18,
Santee,92071,41,542,0.094,352,24,348,0.031,Mar18,
Scripps Ranch,92131,33,980,0.190,362,14,464,0.083,Mar18,
Solana Beach,92075,12,1430,0.233,660,8,927,0.184,Mar18,
Sorrento Valley,92121,1,1145,,471,6,545,0.185,Mar18,
South San Diego,92154,30,472,0.043,302,13,350,0.148,Mar18,
Spring Valley,91977,39,467,0.106,341,6,258,-0.010,Mar18,
Spring Valley,91978,10,573,0.253,255,7,316,0.090,Mar18,
Tierrasanta,92124,10,638,-0.003,365,13,470,0.047,Mar18,
University City,92122,7,1009,0.187,521,29,490,0.054,Mar18,
Valley Center,92082,22,680,0.153,267,,,,Mar18,
Vista,92081,23,535,-0.005,310,11,323,0.149,Mar18,
Vista,92083,26,435,0.000,319,13,310,-0.031,Mar18,
Vista,92084,29,560,0.039,298,3,450,,Mar18,
Warner Springs,92086,2,390,1.194,214,,,,Mar18,
Countywide,,"2,258",611,0.062,356,"1,102",430,0.117,Apr18,
Allied Gardens,92120,34,678,-0.009,419,9,335,-0.226,Apr18,
Alpine,91901,17,675,0.157,306,1,195,-0.179,Apr18,
Bay Park,92110,18,783,0.118,532,19,420,0.120,Apr18,
Bonita,91902,13,740,0.121,292,4,381,0.791,Apr18,
Bonsall,92003,6,618,0.077,255,1,290,0.201,Apr18,
Borrego Springs,92004,18,258,0.513,141,4,110,0.397,Apr18,
Boulevard,91905,1,180,-0.419,250,0,,,Apr18,
Campo,91906,4,280,-0.026,226,0,,,Apr18,
Cardiff-by-the-Sea,92007,7,800,-0.418,552,4,633,,Apr18,
Carlsbad,92008,28,955,0.138,419,11,534,-0.166,Apr18,
Carlsbad,92009,50,1093,0.104,378,28,624,0.309,Apr18,
Carlsbad,92010,21,865,0.182,353,5,533,0.198,Apr18,
Carlsbad,92011,27,930,0.257,460,9,731,0.059,Apr18,
Carmel Valley,92130,49,1305,-0.026,450,25,655,0.078,Apr18,
Chula Vista,91910,42,536,0.117,316,9,358,0.144,Apr18,
Chula Vista,91911,40,470,0.044,343,15,342,0.335,Apr18,
Chula Vista,91913,27,640,0.185,275,27,378,0.137,Apr18,
Chula Vista,91914,15,775,0.066,265,4,393,0.003,Apr18,
Chula Vista,91915,23,633,0.039,268,23,440,0.023,Apr18,
Clairemont,92117,41,655,0.065,492,7,359,0.081,Apr18,
College Grove,92115,41,553,0.059,427,19,290,0.247,Apr18,
Coronado,92118,10,2350,0.270,939,12,1350,0.543,Apr18,
Del Mar,92014,19,2000,-0.189,1035,8,810,-0.180,Apr18,
Descanso,91916,6,380,-0.073,237,0,,,Apr18,
Downtown,92101,0,,,,92,570,0.152,Apr18,
Dulzura,91917,0,,,,0,,,Apr18,
East San Diego,92102,14,453,0.192,416,5,250,-0.233,Apr18,
East San Diego,92105,23,425,0.104,407,7,250,0.073,Apr18,
El Cajon,92019,44,550,-0.013,333,16,323,-0.002,Apr18,
El Cajon,92020,36,613,0.361,336,16,240,0.106,Apr18,
El Cajon,92021,42,500,-0.046,311,11,285,0.069,Apr18,
Encanto,92114,61,435,0.048,333,2,388,0.092,Apr18,
Encinitas,92024,29,1228,0.101,473,19,725,0.198,Apr18,
Escondido,92025,26,610,0.058,323,9,433,0.442,Apr18,
Escondido,92026,51,529,0.008,305,4,280,0.022,Apr18,
Escondido,92027,55,475,0.019,315,8,271,0.355,Apr18,
Escondido,92029,16,667,-0.070,339,1,320,,Apr18,
Fallbrook,92028,70,545,-0.009,278,3,215,-0.002,Apr18,
Hillcrest,92103,9,1263,-0.024,738,19,600,0.463,Apr18,
Imperial Beach,91932,22,618,0.199,467,9,700,1.000,Apr18,
Jacumba,91934,2,198,,169,0,,,Apr18,
Jamul,91935,14,760,0.226,300,0,,,Apr18,
Julian,92036,4,338,-0.167,310,0,,,Apr18,
La Jolla,92037,32,2400,0.206,962,53,855,0.326,Apr18,
La Mesa,91941,40,618,0.227,328,4,309,0.074,Apr18,
La Mesa,91942,32,572,0.078,357,19,325,-0.008,Apr18,
Lakeside,92040,36,540,0.146,315,8,243,0.054,Apr18,
Lemon Grove,91945,13,485,0.120,303,1,215,-0.140,Apr18,
Linda Vista,92111,21,648,0.176,454,21,377,0.195,Apr18,
Logan Heights,92113,14,380,0.134,343,1,395,0.881,Apr18,
Mira Mesa,92126,31,625,0.136,447,26,385,0.116,Apr18,
Mission Village,92123,21,628,0.096,432,13,508,0.390,Apr18,
National City,91950,13,415,0.051,309,3,307,-0.089,Apr18,
Normal Heights,92116,29,657,-0.106,642,13,395,0.105,Apr18,
North Park,92104,22,703,-0.063,715,18,415,0.221,Apr18,
Ocean Beach,92107,16,1150,0.031,594,12,530,0.277,Apr18,
Oceanside,92054,18,696,0.301,432,16,606,0.138,Apr18,
Oceanside,92056,69,566,0.121,332,11,383,0.147,Apr18,
Oceanside,92057,76,471,0.047,297,19,355,-0.004,Apr18,
Oceanside,92058,,,,,,,,Apr18,
Pacific Beach,92109,22,1150,0.050,689,33,595,0.092,Apr18,
Palomar Mountain,92060,1,,,,0,,,Apr18,
Paradise Hills,92139,15,452,0.115,283,5,340,0.074,Apr18,
Pauma Valley,92061,2,573,0.157,259,3,355,0.076,Apr18,
Pine Valley,91962,3,470,0.582,298,0,,,Apr18,
Point Loma,92106,20,1050,-0.204,668,9,669,0.070,Apr18,
Potrero,91963,0,,,,0,,,Apr18,
Poway,92064,52,755,-0.051,367,6,507,-0.107,Apr18,
Ramona,92065,50,535,0.019,271,5,295,0.255,Apr18,
Ranch Bernardo,92127,38,1153,0.195,372,22,421,-0.149,Apr18,
Ranch Bernardo,92128,48,750,0.049,410,47,483,0.253,Apr18,
Ranch Penasquitos,92129,36,839,0.149,395,19,370,0.038,Apr18,
Ranch Santa Fe,92067,17,2300,-0.030,540,1,1275,0.000,Apr18,
Ranch Santa Fe,92091,3,2298,1.785,512,1,589,-0.091,Apr18,
Ranchita,92066,1,,,,0,,,Apr18,
San Carlos,92119,33,645,0.103,418,15,310,0.016,Apr18,
San Diego,92108,1,520,,321,33,365,0.106,Apr18,
San Diego,92112,0,,,,0,,,Apr18,
San Marcos,92069,30,585,0.082,294,8,470,0.524,Apr18,
San Marcos,92078,45,820,0.122,340,22,532,0.164,Apr18,
San Ysidro,92173,4,485,0.183,281,7,184,-0.144,Apr18,
Santa Ysabel,92070,2,383,,306,0,,,Apr18,
Santee,92071,44,525,0.076,359,29,360,0.173,Apr18,
Scripps Ranch,92131,18,950,0.027,398,18,532,0.162,Apr18,
Solana Beach,92075,10,1526,-0.152,618,9,804,-0.088,Apr18,
Sorrento Valley,92121,0,,,,4,615,,Apr18,
South San Diego,92154,20,495,0.121,294,21,360,0.134,Apr18,
Spring Valley,91977,55,470,0.106,316,15,305,0.196,Apr18,
Spring Valley,91978,1,600,-0.020,294,1,295,0.105,Apr18,
Tierrasanta,92124,14,760,0.013,377,9,499,0.174,Apr18,
University City,92122,13,835,-0.040,553,32,493,0.279,Apr18,
Valley Center,92082,17,708,0.190,269,0,,,Apr18,
Vista,92081,23,575,0.013,336,10,373,0.040,Apr18,
Vista,92083,15,495,0.115,285,4,334,0.095,Apr18,
Vista,92084,32,571,0.137,290,3,402,0.176,Apr18,
Warner Springs,92086,0,,,,0,,,Apr18,
Countywide,,"2,470",620,0.050,361,"1,191",428,0.095,May18,
Allied Gardens,92120,20,650,0.047,402,11,395,0.606,May18,
Alpine,91901,19,665,0.106,311,2,289,0.203,May18,
Bay Park,92110,12,770,0.003,514,18,414,-0.009,May18,
Bonita,91902,14,748,0.176,314,1,368,0.434,May18,
Bonsall,92003,4,438,-0.359,217,4,292,0.217,May18,
Borrego Springs,92004,10,198,-0.238,122,3,89,0.113,May18,
Boulevard,91905,,,,,,,,May18,
Campo,91906,13,320,0.133,184,,,,May18,
Cardiff-by-the-Sea,92007,8,896,-0.024,694,1,540,-0.162,May18,
Carlsbad,92008,23,936,0.130,393,11,725,0.193,May18,
Carlsbad,92009,42,1087,0.060,394,27,525,0.165,May18,
Carlsbad,92010,24,765,-0.077,373,7,571,0.095,May18,
Carlsbad,92011,19,833,-0.191,440,3,985,0.422,May18,
Carmel Valley,92130,52,1328,0.079,469,36,656,0.102,May18,
Chula Vista,91910,36,568,0.159,330,17,405,0.298,May18,
Chula Vista,91911,43,485,0.116,327,17,345,0.160,May18,
Chula Vista,91913,49,610,0.084,283,35,395,0.121,May18,
Chula Vista,91914,9,850,0.126,294,6,433,0.103,May18,
Chula Vista,91915,17,640,0.067,271,36,454,0.058,May18,
Clairemont,92117,52,691,0.097,518,12,382,0.134,May18,
College Grove,92115,31,619,0.125,416,23,260,-0.037,May18,
Coronado,92118,20,1818,0.028,866,12,885,-0.250,May18,
Del Mar,92014,18,1885,-0.008,785,7,1166,0.223,May18,
Descanso,91916,4,299,-0.251,159,,,,May18,
Downtown,92101,2,840,-0.408,1099,73,540,0.057,May18,
Dulzura,91917,,,,,,,,May18,
East San Diego,92102,10,525,0.215,466,7,344,-0.046,May18,
East San Diego,92105,29,420,0.027,396,12,293,0.734,May18,
El Cajon,92019,36,575,0.085,314,19,314,-0.071,May18,
El Cajon,92020,48,501,-0.036,304,8,222,-0.148,May18,
El Cajon,92021,29,510,0.112,321,18,277,0.045,May18,
Encanto,92114,46,425,0.012,323,2,370,0.276,May18,
Encinitas,92024,55,1250,0.295,533,28,716,0.372,May18,
Escondido,92025,39,545,-0.084,310,10,376,0.203,May18,
Escondido,92026,70,525,0.094,294,4,402,0.562,May18,
Escondido,92027,51,495,0.034,328,5,240,0.263,May18,
Escondido,92029,22,725,0.021,317,,,,May18,
Fallbrook,92028,77,565,0.027,289,2,299,-0.251,May18,
Hillcrest,92103,18,1153,0.246,587,34,493,-0.024,May18,
Imperial Beach,91932,22,596,0.032,419,9,520,0.036,May18,
Jacumba,91934,,,,,,,,May18,
Jamul,91935,16,673,0.036,329,,,,May18,
Julian,92036,6,282,-0.163,197,,,,May18,
La Jolla,92037,29,1910,-0.124,785,52,880,0.285,May18,
La Mesa,91941,49,615,0.008,313,4,326,-0.041,May18,
La Mesa,91942,35,545,0.101,415,19,344,0.177,May18,
Lakeside,92040,47,535,0.103,294,12,240,0.062,May18,
Lemon Grove,91945,35,462,0.137,310,3,270,0.071,May18,
Linda Vista,92111,25,620,0.055,475,21,435,0.152,May18,
Logan Heights,92113,10,369,0.094,325,2,398,0.753,May18,
Mira Mesa,92126,37,618,0.104,418,29,392,0.136,May18,
Mission Village,92123,7,629,0.109,456,8,340,0.097,May18,
National City,91950,21,440,0.033,313,6,182,-0.496,May18,
Normal Heights,92116,16,618,-0.148,618,17,398,0.121,May18,
North Park,92104,32,779,0.053,662,21,385,0.176,May18,
Ocean Beach,92107,15,951,-0.247,663,10,491,0.102,May18,
Oceanside,92054,21,770,0.100,434,14,531,0.123,May18,
Oceanside,92056,64,589,0.105,335,15,535,0.646,May18,
Oceanside,92057,94,490,0.016,316,16,393,0.442,May18,
Oceanside,92058,,,,,,,,May18,
Pacific Beach,92109,24,1100,-0.040,815,33,735,0.225,May18,
Palomar Mountain,92060,2,420,,205,,,,May18,
Paradise Hills,92139,26,420,-0.028,283,11,340,0.259,May18,
Pauma Valley,92061,5,551,0.328,188,4,344,-0.016,May18,
Pine Valley,91962,,,,,1,95,,May18,
Point Loma,92106,31,1050,0.123,643,2,468,0.177,May18,
Potrero,91963,1,315,-0.149,398,,,,May18,
Poway,92064,49,800,0.096,380,5,507,0.018,May18,
Ramona,92065,54,540,0.041,283,,,,May18,
Ranch Bernardo,92127,47,1125,0.069,384,28,538,0.222,May18,
Ranch Bernardo,92128,42,808,0.115,407,64,463,0.016,May18,
Ranch Penasquitos,92129,44,823,0.097,420,18,404,0.223,May18,
Ranch Santa Fe,92067,12,2200,-0.112,471,1,1375,,May18,
Ranch Santa Fe,92091,6,978,-0.129,488,,,,May18,
Ranchita,92066,2,228,-0.345,349,,,,May18,
San Carlos,92119,23,623,-0.027,430,15,310,0.086,May18,
San Diego,92108,2,595,-0.031,422,47,387,0.076,May18,
San Diego,92112,,,,,,,,May18,
San Marcos,92069,39,590,0.017,338,5,439,0.551,May18,
San Marcos,92078,38,793,0.116,332,24,463,-0.021,May18,
San Ysidro,92173,6,510,0.121,312,7,284,0.171,May18,
Santa Ysabel,92070,,,,,,,,May18,
Santee,92071,68,535,0.070,371,40,413,0.179,May18,
Scripps Ranch,92131,26,887,-0.014,442,15,532,0.094,May18,
Solana Beach,92075,10,1275,-0.110,789,12,963,0.287,May18,
Sorrento Valley,92121,5,1025,0.072,443,2,509,-0.094,May18,
South San Diego,92154,36,500,0.150,307,17,370,0.231,May18,
Spring Valley,91977,51,460,0.070,306,10,339,0.209,May18,
Spring Valley,91978,4,644,0.423,234,2,323,0.162,May18,
Tierrasanta,92124,22,716,-0.044,372,8,463,0.077,May18,
University City,92122,12,836,-0.016,538,25,465,0.206,May18,
Valley Center,92082,23,656,0.112,285,,,,May18,
Vista,92081,36,575,0.009,333,7,375,0.221,May18,
Vista,92083,21,486,0.115,307,4,350,0.208,May18,
Vista,92084,36,550,0.047,339,2,348,0.225,May18,
Warner Springs,92086,1,337,-0.169,83,,,,May18,
Countywide,,"2,403",630,0.061,360,"1,190",430,0.044,Jun18,
Allied Gardens,92120,27,640,0.091,392,13,320,-0.012,Jun18,
Alpine,91901,16,585,-0.103,313,6,313,0.645,Jun18,
Bay Park,92110,7,860,0.147,448,20,389,-0.082,Jun18,
Bonita,91902,12,787,0.183,302,3,308,-0.107,Jun18,
Bonsall,92003,8,883,0.070,256,2,467,0.668,Jun18,
Borrego Springs,92004,7,275,0.078,159,1,40,-0.521,Jun18,
Boulevard,91905,2,366,5.221,211,0,,,Jun18,
Campo,91906,7,289,0.257,193,0,,,Jun18,
Cardiff-by-the-Sea,92007,9,1350,0.271,704,3,900,0.470,Jun18,
Carlsbad,92008,24,876,-0.078,398,13,720,0.301,Jun18,
Carlsbad,92009,55,1100,0.114,395,36,526,0.206,Jun18,
Carlsbad,92010,18,736,-0.002,398,1,434,-0.192,Jun18,
Carlsbad,92011,27,985,-0.039,452,7,990,0.242,Jun18,
Carmel Valley,92130,40,1271,0.059,474,34,659,0.045,Jun18,
Chula Vista,91910,52,550,0.120,318,16,345,0.016,Jun18,
Chula Vista,91911,38,500,0.087,334,18,327,0.004,Jun18,
Chula Vista,91913,38,619,0.081,273,25,410,0.192,Jun18,
Chula Vista,91914,16,730,-0.052,263,6,419,0.131,Jun18,
Chula Vista,91915,21,650,0.080,261,33,465,0.083,Jun18,
Clairemont,92117,40,669,0.070,511,12,410,0.037,Jun18,
College Grove,92115,48,594,0.164,435,24,253,-0.096,Jun18,
Coronado,92118,19,2300,0.516,922,15,961,-0.232,Jun18,
Del Mar,92014,14,2000,0.223,628,6,1200,0.036,Jun18,
Descanso,91916,3,500,0.124,266,0,,,Jun18,
Downtown,92101,4,693,0.015,628,82,602,0.089,Jun18,
Dulzura,91917,0,,,,0,,,Jun18,
East San Diego,92102,13,605,0.603,529,5,390,0.393,Jun18,
East San Diego,92105,17,448,0.078,432,13,235,-0.113,Jun18,
El Cajon,92019,49,580,-0.050,335,21,339,0.189,Jun18,
El Cajon,92020,47,569,0.007,335,18,250,0.087,Jun18,
El Cajon,92021,55,515,0.078,320,12,325,0.236,Jun18,
Encanto,92114,35,460,0.117,338,4,330,,Jun18,
Encinitas,92024,37,1142,-0.131,508,14,630,0.084,Jun18,
Escondido,92025,32,628,0.195,324,9,361,-0.011,Jun18,
Escondido,92026,41,511,0.002,317,4,225,-0.109,Jun18,
Escondido,92027,52,503,0.142,320,3,310,0.485,Jun18,
Escondido,92029,28,621,0.034,321,1,320,-0.307,Jun18,
Fallbrook,92028,72,580,0.051,281,2,220,-0.500,Jun18,
Hillcrest,92103,21,1250,0.360,653,34,487,0.069,Jun18,
Imperial Beach,91932,14,600,-0.020,513,9,470,0.173,Jun18,
Jacumba,91934,0,,,,0,,,Jun18,
Jamul,91935,13,499,-0.131,266,0,,,Jun18,
Julian,92036,9,395,0.132,231,0,,,Jun18,
La Jolla,92037,33,1975,-0.109,865,59,705,0.076,Jun18,
La Mesa,91941,33,633,0.041,307,5,295,0.161,Jun18,
La Mesa,91942,41,566,0.134,378,18,368,0.225,Jun18,
Lakeside,92040,30,522,0.076,283,15,240,0.107,Jun18,
Lemon Grove,91945,21,450,0.033,357,3,288,0.108,Jun18,
Linda Vista,92111,34,640,0.089,447,19,455,0.255,Jun18,
Logan Heights,92113,12,463,0.303,345,2,315,0.144,Jun18,
Mira Mesa,92126,30,633,0.081,448,24,385,0.041,Jun18,
Mission Village,92123,20,640,0.076,467,11,375,-0.148,Jun18,
National City,91950,14,431,0.149,402,1,260,-0.039,Jun18,
Normal Heights,92116,22,913,0.375,699,14,385,0.049,Jun18,
North Park,92104,28,682,-0.132,636,22,378,0.044,Jun18,
Ocean Beach,92107,16,903,-0.289,727,10,608,0.072,Jun18,
Oceanside,92054,22,625,0.065,402,15,555,-0.043,Jun18,
Oceanside,92056,70,550,0.055,338,11,370,0.182,Jun18,
Oceanside,92057,66,512,0.023,285,11,365,0.159,Jun18,
Oceanside,92058,,,,,,,,Jun18,
Pacific Beach,92109,20,1130,0.189,764,33,557,-0.138,Jun18,
Palomar Mountain,92060,0,,,,0,,,Jun18,
Paradise Hills,92139,17,408,-0.006,285,8,295,0.073,Jun18,
Pauma Valley,92061,2,364,-0.367,201,3,335,,Jun18,
Pine Valley,91962,5,493,0.106,323,0,,,Jun18,
Point Loma,92106,21,1380,0.188,600,7,785,0.143,Jun18,
Potrero,91963,1,410,,382,0,,,Jun18,
Poway,92064,56,683,0.033,391,11,470,-0.066,Jun18,
Ramona,92065,46,530,0.020,282,2,304,0.086,Jun18,
Ranch Bernardo,92127,50,1163,0.198,350,28,492,0.166,Jun18,
Ranch Bernardo,92128,41,765,0.017,386,63,445,0.030,Jun18,
Ranch Penasquitos,92129,60,845,0.115,399,13,415,0.051,Jun18,
Ranch Santa Fe,92067,24,2730,0.110,541,0,,,Jun18,
Ranch Santa Fe,92091,1,3550,1.029,1015,2,824,0.445,Jun18,
Ranchita,92066,0,,,,0,,,Jun18,
San Carlos,92119,25,650,0.133,362,10,413,0.587,Jun18,
San Diego,92108,2,618,0.154,400,37,355,-0.027,Jun18,
San Diego,92112,0,,,,0,,,Jun18,
San Marcos,92069,33,620,0.117,315,6,324,0.019,Jun18,
San Marcos,92078,55,754,0.001,308,36,514,0.097,Jun18,
San Ysidro,92173,6,446,0.064,275,10,223,-0.168,Jun18,
Santa Ysabel,92070,2,480,0.236,260,0,,,Jun18,
Santee,92071,41,549,0.058,341,24,376,0.004,Jun18,
Scripps Ranch,92131,30,983,0.110,373,19,523,0.075,Jun18,
Solana Beach,92075,7,1300,0.143,572,10,896,0.009,Jun18,
Sorrento Valley,92121,4,938,0.311,367,2,612,0.073,Jun18,
South San Diego,92154,44,504,0.084,294,11,360,0.091,Jun18,
Spring Valley,91977,46,478,0.073,311,14,305,0.251,Jun18,
Spring Valley,91978,10,563,-0.054,323,4,303,0.106,Jun18,
Tierrasanta,92124,14,818,0.203,399,10,455,-0.016,Jun18,
University City,92122,25,907,0.092,487,25,450,0.065,Jun18,
Valley Center,92082,24,549,-0.068,316,2,240,,Jun18,
Vista,92081,30,611,0.101,311,6,334,-0.165,Jun18,
Vista,92083,22,492,0.200,336,9,330,0.119,Jun18,
Vista,92084,41,585,0.075,318,8,358,-0.040,Jun18,
Warner Springs,92086,1,260,-0.233,542,0,,,Jun18,
Countywide,,"2,314",630,0.068,356,"1,080",432,0.067,Jul18,
Allied Gardens,92120,31,720,0.183,414,8,309,-0.219,Jul18,
Alpine,91901,26,640,-0.016,298,4,249,-0.136,Jul18,
Bay Park,92110,9,910,0.202,554,23,418,-0.143,Jul18,
Bonita,91902,11,705,-0.007,317,5,445,0.534,Jul18,
Bonsall,92003,5,999,1.081,297,3,298,0.148,Jul18,
Borrego Springs,92004,8,150,-0.268,105,1,131,0.083,Jul18,
Boulevard,91905,2,128,,235,,,,Jul18,
Campo,91906,4,325,0.163,196,,,,Jul18,
Cardiff-by-the-Sea,92007,10,1131,0.312,706,2,987,1.005,Jul18,
Carlsbad,92008,22,976,0.084,447,13,679,0.165,Jul18,
Carlsbad,92009,43,1075,0.176,360,31,519,0.193,Jul18,
Carlsbad,92010,15,820,0.068,379,3,530,0.065,Jul18,
Carlsbad,92011,15,905,0.028,441,15,675,-0.025,Jul18,
Carmel Valley,92130,35,1330,0.011,448,30,680,0.131,Jul18,
Chula Vista,91910,32,519,-0.052,332,6,375,-0.038,Jul18,
Chula Vista,91911,31,490,0.054,314,9,350,0.029,Jul18,
Chula Vista,91913,58,645,0.102,259,30,407,0.073,Jul18,
Chula Vista,91914,15,795,0.104,289,6,434,0.045,Jul18,
Chula Vista,91915,17,640,0.085,278,29,430,0.049,Jul18,
Clairemont,92117,43,670,0.060,497,14,475,0.367,Jul18,
College Grove,92115,39,575,0.117,455,18,243,-0.030,Jul18,
Coronado,92118,14,2448,0.323,1051,9,1260,-0.334,Jul18,
Del Mar,92014,14,1850,0.205,544,5,1375,0.210,Jul18,
Descanso,91916,3,499,0.295,282,,,,Jul18,
Downtown,92101,2,411,,499,67,529,-0.007,Jul18,
Dulzura,91917,,,,,,,,Jul18,
East San Diego,92102,11,440,-0.154,343,7,233,-0.354,Jul18,
East San Diego,92105,25,430,0.024,467,13,300,0.240,Jul18,
El Cajon,92019,39,619,0.080,321,21,340,0.030,Jul18,
El Cajon,92020,44,597,0.256,345,8,271,0.154,Jul18,
El Cajon,92021,34,521,0.144,319,6,237,0.033,Jul18,
Encanto,92114,51,458,0.079,325,1,425,,Jul18,
Encinitas,92024,48,1253,0.101,504,12,641,0.321,Jul18,
Escondido,92025,29,545,-0.009,292,9,307,-0.140,Jul18,
Escondido,92026,54,581,0.090,288,10,229,-0.414,Jul18,
Escondido,92027,53,525,0.125,299,6,288,0.278,Jul18,
Escondido,92029,22,750,-0.022,341,2,359,-0.258,Jul18,
Fallbrook,92028,72,560,0.122,282,2,300,0.415,Jul18,
Hillcrest,92103,14,1003,0.069,569,28,512,-0.052,Jul18,
Imperial Beach,91932,7,600,0.101,526,7,340,-0.376,Jul18,
Jacumba,91934,3,177,,147,,,,Jul18,
Jamul,91935,8,829,0.392,260,,,,Jul18,
Julian,92036,9,413,0.285,277,,,,Jul18,
La Jolla,92037,32,1676,-0.207,693,48,783,-0.006,Jul18,
La Mesa,91941,35,625,-0.012,327,2,317,0.289,Jul18,
La Mesa,91942,30,575,0.050,417,15,338,-0.013,Jul18,
Lakeside,92040,36,536,0.072,321,13,245,0.096,Jul18,
Lemon Grove,91945,22,460,0.038,318,4,305,0.338,Jul18,
Linda Vista,92111,22,629,-0.010,511,18,402,-0.015,Jul18,
Logan Heights,92113,20,400,0.088,344,1,250,-0.115,Jul18,
Mira Mesa,92126,39,603,0.074,431,18,391,0.070,Jul18,
Mission Village,92123,13,635,0.104,450,5,515,0.184,Jul18,
National City,91950,19,438,0.088,309,3,420,0.474,Jul18,
Normal Heights,92116,19,640,-0.062,660,15,350,-0.014,Jul18,
North Park,92104,35,1330,0.011,704,30,680,0.131,Jul18,
Ocean Beach,92107,22,726,0.011,811,24,401,0.029,Jul18,
Oceanside,92054,13,925,0.095,446,16,455,0.063,Jul18,
Oceanside,92056,33,755,0.258,335,24,566,0.502,Jul18,
Oceanside,92057,67,575,0.086,301,8,302,-0.138,Jul18,
Oceanside,92058,87,502,0.014,,12,335,0.006,Jul18,
Pacific Beach,92109,20,1278,0.246,656,28,633,-0.109,Jul18,
Palomar Mountain,92060,2,248,,178,,,,Jul18,
Paradise Hills,92139,14,455,0.034,358,6,326,-0.048,Jul18,
Pauma Valley,92061,2,598,,244,2,265,,Jul18,
Pine Valley,91962,3,496,-0.010,373,1,113,,Jul18,
Point Loma,92106,20,1085,-0.123,557,4,759,0.076,Jul18,
Potrero,91963,,,,,,,,Jul18,
Poway,92064,58,764,-0.024,388,6,503,0.052,Jul18,
Ramona,92065,38,518,0.035,262,4,344,0.465,Jul18,
Ranch Bernardo,92127,55,1175,0.069,391,31,641,0.295,Jul18,
Ranch Bernardo,92128,33,812,0.101,396,39,480,0.085,Jul18,
Ranch Penasquitos,92129,44,845,0.119,397,18,435,0.151,Jul18,
Ranch Santa Fe,92067,18,2260,-0.058,540,1,1418,,Jul18,
Ranch Santa Fe,92091,3,2250,0.404,494,1,925,0.726,Jul18,
Ranchita,92066,,,,,,,,Jul18,
San Carlos,92119,27,647,0.048,372,16,333,0.093,Jul18,
San Diego,92108,1,508,,291,53,335,0.000,Jul18,
San Diego,92112,,,,,,,,Jul18,
San Marcos,92069,41,650,0.140,314,8,449,0.349,Jul18,
San Marcos,92078,48,773,0.051,329,33,495,0.042,Jul18,
San Ysidro,92173,5,440,0.000,368,6,227,0.000,Jul18,
Santa Ysabel,92070,2,577,0.879,281,,,,Jul18,
Santee,92071,57,555,0.057,354,20,364,0.077,Jul18,
Scripps Ranch,92131,31,1029,0.145,372,21,581,0.249,Jul18,
Solana Beach,92075,10,1763,0.410,617,4,775,-0.189,Jul18,
Sorrento Valley,92121,1,784,,512,1,531,-0.017,Jul18,
South San Diego,92154,24,494,0.009,309,9,327,-0.019,Jul18,
Spring Valley,91977,62,480,0.091,328,5,255,-0.147,Jul18,
Spring Valley,91978,3,550,0.083,299,1,237,-0.164,Jul18,
Tierrasanta,92124,17,654,-0.103,364,8,391,-0.107,Jul18,
University City,92122,17,970,0.156,504,32,485,0.155,Jul18,
Valley Center,92082,20,639,-0.009,243,,,,Jul18,
Vista,92081,25,590,0.083,300,8,469,-0.014,Jul18,
Vista,92083,23,536,0.139,295,1,356,-0.043,Jul18,
Vista,92084,32,560,0.143,305,6,344,-0.027,Jul18,
Warner Springs,92086,,,,,,,,Jul18,
Countywide,,"2,322",629,0.075,359,"1,105",429,0.073,Aug18,
Allied Gardens,92120,40,662,0.029,407,20,298,-0.137,Aug18,
Alpine,91901,15,614,-0.018,298,2,254,0.006,Aug18,
Bay Park,92110,19,820,-0.057,570,25,413,0.136,Aug18,
Bonita,91902,14,697,0.072,323,3,418,0.637,Aug18,
Bonsall,92003,6,661,0.104,326,1,303,-0.109,Aug18,
Borrego Springs,92004,10,226,-0.200,132,,,,Aug18,
Boulevard,91905,,,,,,,,Aug18,
Campo,91906,6,225,-0.263,240,,,,Aug18,
Cardiff-by-the-Sea,92007,14,1000,-0.265,684,2,685,,Aug18,
Carlsbad,92008,23,1005,0.057,427,11,750,0.293,Aug18,
Carlsbad,92009,41,1090,0.104,372,22,459,-0.058,Aug18,
Carlsbad,92010,16,740,0.096,357,7,554,0.189,Aug18,
Carlsbad,92011,30,959,0.078,457,15,760,0.007,Aug18,
Carmel Valley,92130,53,1360,0.153,445,24,615,-0.024,Aug18,
Chula Vista,91910,36,560,0.067,325,18,362,0.094,Aug18,
Chula Vista,91911,37,488,0.061,359,13,330,0.048,Aug18,
Chula Vista,91913,51,600,0.075,280,26,403,0.073,Aug18,
Chula Vista,91914,11,880,0.278,281,4,404,-0.038,Aug18,
Chula Vista,91915,14,663,0.086,262,20,443,0.029,Aug18,
Clairemont,92117,38,682,0.089,520,12,389,0.074,Aug18,
College Grove,92115,35,590,0.073,461,22,318,0.034,Aug18,
Coronado,92118,7,2704,0.430,1040,10,1250,0.420,Aug18,
Del Mar,92014,6,1736,-0.206,719,6,983,-0.173,Aug18,
Descanso,91916,1,500,0.176,219,,,,Aug18,
Downtown,92101,1,550,-0.056,873,73,580,-0.017,Aug18,
Dulzura,91917,,,,,,,,Aug18,
East San Diego,92102,16,527,0.326,388,16,363,0.072,Aug18,
East San Diego,92105,36,446,0.125,426,8,218,0.279,Aug18,
El Cajon,92019,41,645,0.209,289,17,355,0.152,Aug18,
El Cajon,92020,35,615,0.194,324,13,260,0.178,Aug18,
El Cajon,92021,39,491,-0.072,307,11,290,-0.003,Aug18,
Encanto,92114,58,445,0.047,318,3,205,-0.453,Aug18,
Encinitas,92024,50,1052,-0.201,480,14,663,-0.007,Aug18,
Escondido,92025,31,532,-0.001,324,15,310,-0.070,Aug18,
Escondido,92026,50,535,0.068,287,3,240,-0.030,Aug18,
Escondido,92027,67,525,0.154,310,7,235,-0.051,Aug18,
Escondido,92029,23,735,0.105,323,,,,Aug18,
Fallbrook,92028,57,615,0.139,283,1,395,0.837,Aug18,
Hillcrest,92103,8,1700,0.698,591,26,568,0.300,Aug18,
Imperial Beach,91932,11,615,0.160,429,11,380,0.206,Aug18,
Jacumba,91934,,,,,,,,Aug18,
Jamul,91935,3,739,0.351,331,,,,Aug18,
Julian,92036,8,400,0.216,284,,,,Aug18,
La Jolla,92037,29,1948,-0.144,756,43,640,-0.224,Aug18,
La Mesa,91941,32,605,-0.087,332,3,340,,Aug18,
La Mesa,91942,24,551,0.030,388,19,328,0.008,Aug18,
Lakeside,92040,30,523,0.051,283,11,270,0.292,Aug18,
Lemon Grove,91945,24,464,0.031,321,3,305,0.172,Aug18,
Linda Vista,92111,26,635,0.050,495,19,435,0.024,Aug18,
Logan Heights,92113,8,406,-0.067,385,2,251,-0.064,Aug18,
Mira Mesa,92126,53,617,0.101,409,16,373,0.033,Aug18,
Mission Village,92123,17,600,0.022,423,12,503,0.377,Aug18,
National City,91950,12,444,0.123,324,4,352,-0.049,Aug18,
Normal Heights,92116,18,864,0.156,660,20,380,-0.057,Aug18,
North Park,92104,22,684,0.090,685,13,425,0.523,Aug18,
Ocean Beach,92107,13,985,-0.077,695,7,451,0.074,Aug18,
Oceanside,92054,23,639,-0.038,349,28,712,0.498,Aug18,
Oceanside,92056,80,525,-0.038,348,4,375,0.178,Aug18,
Oceanside,92057,79,500,-0.044,297,13,329,0.049,Aug18,
Oceanside,92058,9,517,0.136,365,11,350,0.111,Aug18,
Pacific Beach,92109,16,1213,0.010,610,38,704,0.451,Aug18,
Palomar Mountain,92060,2,320,,231,,,,Aug18,
Paradise Hills,92139,15,445,-0.043,288,9,314,-0.006,Aug18,
Pauma Valley,92061,3,575,0.065,259,2,325,0.193,Aug18,
Pine Valley,91962,7,512,0.174,327,,,,Aug18,
Point Loma,92106,30,1160,0.089,529,3,520,-0.203,Aug18,
Potrero,91963,,,,,,,,Aug18,
Poway,92064,54,730,-0.014,396,9,485,0.060,Aug18,
Ramona,92065,52,550,0.058,276,4,276,-0.117,Aug18,
Ranch Bernardo,92127,51,1140,0.140,362,30,577,0.129,Aug18,
Ranch Bernardo,92128,46,765,0.003,405,54,439,0.058,Aug18,
Ranch Penasquitos,92129,42,845,0.083,375,21,366,-0.134,Aug18,
Ranch Santa Fe,92067,24,3000,0.186,558,1,1195,-0.070,Aug18,
Ranch Santa Fe,92091,6,1481,-0.487,528,,,,Aug18,
Ranchita,92066,1,109,,250,,,,Aug18,
San Carlos,92119,23,700,0.116,382,14,303,-0.029,Aug18,
San Diego,92108,1,650,0.324,372,31,356,0.030,Aug18,
San Diego,92112,,,,,,,,Aug18,
San Marcos,92069,32,580,0.064,337,11,320,-0.012,Aug18,
San Marcos,92078,43,830,0.085,305,25,480,0.031,Aug18,
San Ysidro,92173,3,350,-0.156,262,2,248,-0.124,Aug18,
Santa Ysabel,92070,,,,,,,,Aug18,
Santee,92071,47,535,0.039,359,28,366,0.119,Aug18,
Scripps Ranch,92131,40,913,-0.002,389,13,530,0.140,Aug18,
Solana Beach,92075,13,1325,-0.020,660,17,1300,0.448,Aug18,
Sorrento Valley,92121,2,965,-0.040,382,5,560,0.178,Aug18,
South San Diego,92154,29,500,0.033,296,11,365,0.103,Aug18,
Spring Valley,91977,38,470,0.051,315,12,338,0.288,Aug18,
Spring Valley,91978,3,480,-0.135,396,5,310,0.066,Aug18,
Tierrasanta,92124,14,730,0.070,404,10,449,0.056,Aug18,
University City,92122,19,875,0.002,463,29,462,-0.012,Aug18,
Valley Center,92082,13,675,0.195,243,,,,Aug18,
Vista,92081,30,606,0.063,311,4,303,-0.143,Aug18,
Vista,92083,24,490,0.077,309,5,389,0.340,Aug18,
Vista,92084,37,560,0.037,307,2,365,0.248,Aug18,
Warner Springs,92086,,368,0.269,,,,,Aug18,
Countywide,,"1,820",615,0.051,359,867,428,0.056,Sep18,
Allied Gardens,92120,25,613,-0.108,398,8,338,0.031,Sep18,
Alpine,91901,14,690,0.149,298,3,250,-0.014,Sep18,
Bay Park,92110,17,795,0.085,552,16,424,0.022,Sep18,
Bonita,91902,13,813,0.119,321,3,320,0.103,Sep18,
Bonsall,92003,4,700,-0.386,241,3,319,0.036,Sep18,
Borrego Springs,92004,6,234,0.006,133,1,45,,Sep18,
Boulevard,91905,2,115,-0.680,162,0,,,Sep18,
Campo,91906,5,335,0.207,176,0,,,Sep18,
Cardiff-by-the-Sea,92007,5,1100,0.237,745,0,,,Sep18,
Carlsbad,92008,17,950,0.134,479,10,649,0.031,Sep18,
Carlsbad,92009,36,1053,0.103,372,12,453,-0.088,Sep18,
Carlsbad,92010,6,908,0.235,389,3,510,-0.107,Sep18,
Carlsbad,92011,15,1045,0.306,468,8,679,-0.207,Sep18,
Carmel Valley,92130,31,1283,0.042,452,30,670,0.136,Sep18,
Chula Vista,91910,28,524,-0.065,339,8,376,0.107,Sep18,
Chula Vista,91911,27,489,0.051,320,11,349,0.058,Sep18,
Chula Vista,91913,21,615,0.105,278,17,370,-0.013,Sep18,
Chula Vista,91914,16,980,0.307,274,2,399,-0.004,Sep18,
Chula Vista,91915,23,630,-0.056,286,27,438,-0.002,Sep18,
Clairemont,92117,32,664,0.079,500,9,465,0.019,Sep18,
College Grove,92115,39,516,-0.079,410,17,324,0.165,Sep18,
Coronado,92118,16,1738,-0.107,792,13,1340,0.191,Sep18,
Del Mar,92014,9,2300,0.365,696,10,1272,0.169,Sep18,
Descanso,91916,2,525,0.596,201,0,,,Sep18,
Downtown,92101,2,1005,0.182,591,75,565,0.092,Sep18,
Dulzura,91917,0,,,,0,,,Sep18,
East San Diego,92102,7,499,-0.032,440,4,368,0.399,Sep18,
East San Diego,92105,25,483,0.206,473,8,278,0.158,Sep18,
El Cajon,92019,37,580,0.000,323,13,352,0.051,Sep18,
El Cajon,92020,27,575,0.159,361,4,253,-0.080,Sep18,
El Cajon,92021,38,499,-0.031,321,8,338,0.007,Sep18,
Encanto,92114,32,425,0.001,309,0,,,Sep18,
Encinitas,92024,44,1200,0.171,543,11,575,-0.057,Sep18,
Escondido,92025,29,607,0.226,310,2,502,0.195,Sep18,
Escondido,92026,49,547,0.122,281,8,245,0.181,Sep18,
Escondido,92027,35,500,0.112,304,8,226,0.079,Sep18,
Escondido,92029,22,672,-0.176,332,2,446,,Sep18,
Fallbrook,92028,53,551,-0.035,272,1,295,-0.119,Sep18,
Hillcrest,92103,15,862,-0.107,588,23,460,-0.247,Sep18,
Imperial Beach,91932,10,590,0.089,500,6,466,-0.003,Sep18,
Jacumba,91934,0,,,,0,,,Sep18,
Jamul,91935,7,620,-0.128,299,0,,,Sep18,
Julian,92036,5,389,0.030,284,0,,,Sep18,
La Jolla,92037,18,2250,0.148,755,38,720,0.210,Sep18,
La Mesa,91941,32,705,0.343,346,4,339,0.120,Sep18,
La Mesa,91942,19,530,0.010,368,13,345,-0.042,Sep18,
Lakeside,92040,30,475,-0.050,330,8,285,0.233,Sep18,
Lemon Grove,91945,18,460,0.022,357,5,305,0.052,Sep18,
Linda Vista,92111,23,625,0.071,450,11,465,0.192,Sep18,
Logan Heights,92113,9,395,-0.060,401,7,245,-0.244,Sep18,
Mira Mesa,92126,42,618,0.107,424,15,343,-0.043,Sep18,
Mission Village,92123,17,615,0.008,448,4,541,0.296,Sep18,
National City,91950,17,430,0.103,416,3,400,0.111,Sep18,
Normal Heights,92116,14,675,0.084,778,10,398,0.348,Sep18,
North Park,92104,21,695,-0.006,632,15,419,0.223,Sep18,
Ocean Beach,92107,12,1250,0.064,591,8,569,0.236,Sep18,
Oceanside,92054,28,615,-0.036,401,20,523,0.005,Sep18,
Oceanside,92056,58,575,0.085,340,5,330,-0.060,Sep18,
Oceanside,92057,63,447,-0.076,288,9,355,0.136,Sep18,
Oceanside,92058,10,529,0.069,302,6,359,0.052,Sep18,
Pacific Beach,92109,9,1305,0.099,756,20,495,-0.139,Sep18,
Palomar Mountain,92060,0,,,,0,,,Sep18,
Paradise Hills,92139,10,437,0.022,317,6,353,0.185,Sep18,
Pauma Valley,92061,5,661,0.210,248,0,,,Sep18,
Pine Valley,91962,4,475,-0.010,259,0,,,Sep18,
Point Loma,92106,13,1210,0.163,600,5,747,0.205,Sep18,
Potrero,91963,0,,,,0,,,Sep18,
Poway,92064,38,792,0.149,392,5,309,-0.320,Sep18,
Ramona,92065,31,543,0.014,290,3,375,0.242,Sep18,
Ranch Bernardo,92127,39,1115,0.062,381,11,408,-0.172,Sep18,
Ranch Bernardo,92128,36,717,0.064,404,44,494,0.127,Sep18,
Ranch Penasquitos,92129,31,790,0.060,396,18,400,-0.070,Sep18,
Ranch Santa Fe,92067,11,3150,0.255,513,1,927,-0.289,Sep18,
Ranch Santa Fe,92091,7,1900,-0.091,536,0,,,Sep18,
Ranchita,92066,2,311,0.341,170,0,,,Sep18,
San Carlos,92119,20,627,-0.040,408,13,320,0.041,Sep18,
San Diego,92108,1,675,0.047,386,39,349,-0.057,Sep18,
San Diego,92112,0,,,,0,,,Sep18,
San Marcos,92069,20,601,0.045,292,9,380,-0.243,Sep18,
San Marcos,92078,43,779,0.074,333,18,455,0.003,Sep18,
San Ysidro,92173,2,516,0.172,261,0,,,Sep18,
Santa Ysabel,92070,1,,,,0,,,Sep18,
Santee,92071,35,570,0.133,353,24,365,0.058,Sep18,
Scripps Ranch,92131,16,890,0.017,392,13,505,0.031,Sep18,
Solana Beach,92075,6,1444,0.000,672,9,733,0.007,Sep18,
Sorrento Valley,92121,2,970,0.105,385,2,600,0.000,Sep18,
South San Diego,92154,17,535,0.049,296,14,358,0.080,Sep18,
Spring Valley,91977,42,460,0.057,315,4,350,0.400,Sep18,
Spring Valley,91978,7,540,0.080,286,3,288,-0.009,Sep18,
Tierrasanta,92124,7,810,0.223,395,8,458,0.089,Sep18,
University City,92122,7,895,-0.004,549,18,516,0.072,Sep18,
Valley Center,92082,16,657,0.092,281,0,,,Sep18,
Vista,92081,13,590,0.073,343,8,320,-0.310,Sep18,
Vista,92083,21,480,-0.059,315,5,380,0.188,Sep18,
Vista,92084,33,565,0.011,293,5,445,0.862,Sep18,
Warner Springs,92086,,100,,,,,,Sep18,
Countywide,,"1,989",610,0.054,355,952,415,0.013,Oct18,
Allied Gardens,92120,23,652,0.036,421,15,290,-0.028,Oct18,
Alpine,91901,17,655,0.278,280,1,200,-0.373,Oct18,
Bay Park,92110,12,890,0.047,490,17,405,-0.002,Oct18,
Bonita,91902,19,732,0.016,317,4,277,-0.187,Oct18,
Bonsall,92003,6,734,0.351,267,3,335,0.178,Oct18,
Borrego Springs,92004,4,279,0.297,155,,,,Oct18,
Boulevard,91905,,,,,,,,Oct18,
Campo,91906,9,325,0.159,193,,,,Oct18,
Cardiff-by-the-Sea,92007,10,2023,1.260,815,1,1600,1.540,Oct18,
Carlsbad,92008,21,880,0.058,561,14,610,-0.252,Oct18,
Carlsbad,92009,37,996,-0.003,417,26,511,0.088,Oct18,
Carlsbad,92010,20,792,0.032,396,3,425,,Oct18,
Carlsbad,92011,19,900,-0.126,436,6,749,-0.098,Oct18,
Carmel Valley,92130,27,1270,0.104,466,19,736,0.217,Oct18,
Chula Vista,91910,33,544,0.077,317,18,340,-0.014,Oct18,
Chula Vista,91911,33,485,0.054,362,14,306,-0.011,Oct18,
Chula Vista,91913,21,559,0.016,288,19,400,0.067,Oct18,
Chula Vista,91914,15,750,0.103,277,4,413,0.066,Oct18,
Chula Vista,91915,12,615,0.021,300,22,444,0.055,Oct18,
Clairemont,92117,46,727,0.103,540,9,495,0.269,Oct18,
College Grove,92115,44,573,0.065,444,19,260,-0.071,Oct18,
Coronado,92118,14,2000,0.100,1250,7,840,-0.208,Oct18,
Del Mar,92014,6,1250,-0.441,817,1,1425,0.075,Oct18,
Descanso,91916,1,437,-0.070,262,,,,Oct18,
Downtown,92101,3,363,-0.552,541,63,560,0.001,Oct18,
Dulzura,91917,,,,,,,,Oct18,
East San Diego,92102,13,500,0.143,448,7,380,0.551,Oct18,
East San Diego,92105,20,445,0.071,460,4,248,-0.039,Oct18,
El Cajon,92019,40,615,0.079,311,17,320,0.026,Oct18,
El Cajon,92020,39,515,0.073,311,12,275,0.196,Oct18,
El Cajon,92021,33,515,0.073,325,11,302,-0.005,Oct18,
Encanto,92114,33,433,0.018,349,3,335,-0.013,Oct18,
Encinitas,92024,29,1240,0.033,489,18,595,-0.025,Oct18,
Escondido,92025,28,545,0.112,314,8,350,-0.028,Oct18,
Escondido,92026,42,529,0.058,284,4,313,0.181,Oct18,
Escondido,92027,36,472,-0.051,309,3,270,0.171,Oct18,
Escondido,92029,18,630,-0.067,356,1,345,,Oct18,
Fallbrook,92028,53,555,0.041,275,,,,Oct18,
Hillcrest,92103,16,1250,0.250,624,19,465,-0.016,Oct18,
Imperial Beach,91932,8,594,0.033,504,12,415,0.729,Oct18,
Jacumba,91934,,,,,,,,Oct18,
Jamul,91935,5,429,-0.388,269,,,,Oct18,
Julian,92036,7,323,-0.199,257,,,,Oct18,
La Jolla,92037,31,1794,-0.170,733,37,700,-0.119,Oct18,
La Mesa,91941,40,658,0.040,318,1,299,-0.298,Oct18,
La Mesa,91942,25,560,0.087,445,10,366,0.118,Oct18,
Lakeside,92040,21,532,0.070,332,7,245,0.222,Oct18,
Lemon Grove,91945,20,480,0.079,372,2,313,0.318,Oct18,
Linda Vista,92111,18,583,-0.042,432,23,395,-0.129,Oct18,
Logan Heights,92113,9,380,-0.050,364,1,205,-0.488,Oct18,
Mira Mesa,92126,26,630,0.081,418,29,398,0.095,Oct18,
Mission Village,92123,18,629,0.084,422,6,403,-0.202,Oct18,
National City,91950,11,450,0.125,411,8,260,0.000,Oct18,
Normal Heights,92116,22,725,0.074,665,11,405,0.092,Oct18,
North Park,92104,14,598,-0.234,689,18,367,0.383,Oct18,
Ocean Beach,92107,19,1121,0.001,640,6,471,0.222,Oct18,
Oceanside,92054,15,646,-0.071,346,16,679,0.176,Oct18,
Oceanside,92056,60,550,0.041,333,3,359,0.027,Oct18,
Oceanside,92057,74,493,-0.038,290,13,362,0.149,Oct18,
Oceanside,92058,15,520,-0.037,359,4,345,0.049,Oct18,
Pacific Beach,92109,11,1340,0.218,1078,19,630,-0.014,Oct18,
Palomar Mountain,92060,4,140,,217,,,,Oct18,
Paradise Hills,92139,19,460,-0.032,308,11,309,-0.030,Oct18,
Pauma Valley,92061,2,518,0.090,224,,,,Oct18,
Pine Valley,91962,4,433,-0.017,274,1,85,,Oct18,
Point Loma,92106,22,1023,-0.091,587,5,685,0.212,Oct18,
Potrero,91963,,,,,,,,Oct18,
Poway,92064,44,819,0.145,364,3,480,0.091,Oct18,
Ramona,92065,48,515,-0.023,284,,,,Oct18,
Ranch Bernardo,92127,31,1165,-0.028,422,23,560,0.378,Oct18,
Ranch Bernardo,92128,35,715,-0.027,389,43,433,0.043,Oct18,
Ranch Penasquitos,92129,34,775,0.062,389,12,360,0.029,Oct18,
Ranch Santa Fe,92067,16,2392,-0.083,462,,,,Oct18,
Ranch Santa Fe,92091,3,3100,1.336,401,2,910,,Oct18,
Ranchita,92066,,,,,,,,Oct18,
San Carlos,92119,17,615,-0.035,366,12,305,0.057,Oct18,
San Diego,92108,,,,,37,340,-0.056,Oct18,
San Diego,92112,,,,,,,,Oct18,
San Marcos,92069,24,535,-0.070,358,6,468,0.148,Oct18,
San Marcos,92078,29,750,0.147,336,25,492,0.014,Oct18,
San Ysidro,92173,,,,,6,208,0.602,Oct18,
Santa Ysabel,92070,,,,,,,,Oct18,
Santee,92071,42,535,0.014,359,19,380,0.063,Oct18,
Scripps Ranch,92131,19,925,-0.051,373,11,485,0.043,Oct18,
Solana Beach,92075,8,1323,0.066,614,12,979,0.112,Oct18,
Sorrento Valley,92121,1,825,,450,3,520,,Oct18,
South San Diego,92154,26,518,0.017,298,12,352,0.065,Oct18,
Spring Valley,91977,46,469,0.004,318,8,340,0.171,Oct18,
Spring Valley,91978,7,520,0.092,304,6,305,0.109,Oct18,
Tierrasanta,92124,11,814,0.294,355,9,460,-0.008,Oct18,
University City,92122,10,931,0.068,526,29,452,0.061,Oct18,
Valley Center,92082,19,671,0.020,247,,,,Oct18,
Vista,92081,32,581,0.001,296,9,355,0.316,Oct18,
Vista,92083,22,470,0.080,312,3,305,-0.076,Oct18,
Vista,92084,32,600,0.220,289,3,399,0.267,Oct18,
Warner Springs,92086,1,445,,241,,,,Oct18,
Countywide,,"1,790",605,0.008,356,797,400,-0.014,Nov18,
Allied Gardens,92120,31,672,0.101,373,9,275,0.000,Nov18,
Alpine,91901,11,605,-0.121,284,1,275,1.115,Nov18,
Bay Park,92110,10,743,-0.202,437,12,414,0.041,Nov18,
Bonita,91902,14,694,0.022,312,3,288,0.027,Nov18,
Bonsall,92003,13,720,0.302,326,1,295,-0.272,Nov18,
Borrego Springs,92004,6,330,0.524,175,2,95,0.137,Nov18,
Boulevard,91905,2,203,,148,,,,Nov18,
Campo,91906,5,300,-0.057,241,,,,Nov18,
Cardiff-by-the-Sea,92007,8,1300,-0.010,604,,,,Nov18,
Carlsbad,92008,13,865,-0.221,398,12,760,0.063,Nov18,
Carlsbad,92009,32,1077,0.197,396,18,484,-0.018,Nov18,
Carlsbad,92010,8,826,0.109,355,6,479,-0.097,Nov18,
Carlsbad,92011,20,1022,0.076,419,13,655,0.008,Nov18,
Carmel Valley,92130,21,1150,-0.009,456,14,620,-0.008,Nov18,
Chula Vista,91910,28,523,-0.007,335,10,433,0.037,Nov18,
Chula Vista,91911,21,521,0.097,307,12,330,-0.041,Nov18,
Chula Vista,91913,26,590,0.014,296,27,388,0.008,Nov18,
Chula Vista,91914,13,655,-0.049,302,3,375,-0.023,Nov18,
Chula Vista,91915,18,674,0.085,286,13,460,0.129,Nov18,
Clairemont,92117,36,633,-0.012,486,9,425,0.071,Nov18,
College Grove,92115,31,610,0.103,425,18,290,0.039,Nov18,
Coronado,92118,18,1580,-0.144,953,9,1375,-0.077,Nov18,
Del Mar,92014,8,1774,0.227,684,5,415,-0.595,Nov18,
Descanso,91916,4,550,-0.043,292,,,,Nov18,
Downtown,92101,1,361,0.444,538,48,512,-0.036,Nov18,
Dulzura,91917,,,,,,,,Nov18,
East San Diego,92102,16,483,0.170,516,4,257,-0.499,Nov18,
East San Diego,92105,18,463,0.125,429,10,204,0.131,Nov18,
El Cajon,92019,26,533,-0.044,307,10,357,0.079,Nov18,
El Cajon,92020,26,550,0.100,351,8,260,0.195,Nov18,
El Cajon,92021,34,524,0.024,322,18,276,-0.052,Nov18,
Encanto,92114,49,434,0.021,331,2,418,,Nov18,
Encinitas,92024,32,998,-0.202,521,16,645,0.151,Nov18,
Escondido,92025,28,593,-0.033,309,6,382,0.442,Nov18,
Escondido,92026,56,490,-0.054,299,7,285,0.162,Nov18,
Escondido,92027,37,499,0.109,305,5,225,-0.100,Nov18,
Escondido,92029,11,708,0.163,342,1,360,,Nov18,
Fallbrook,92028,39,570,0.023,275,3,450,0.500,Nov18,
Hillcrest,92103,13,1075,0.120,622,20,444,-0.162,Nov18,
Imperial Beach,91932,5,465,-0.215,443,8,475,0.138,Nov18,
Jacumba,91934,2,131,,126,,,,Nov18,
Jamul,91935,7,925,0.351,284,,,,Nov18,
Julian,92036,2,328,-0.090,336,,,,Nov18,
La Jolla,92037,28,2195,-0.025,759,21,774,0.143,Nov18,
La Mesa,91941,26,689,0.051,328,5,345,0.150,Nov18,
La Mesa,91942,17,550,0.106,398,5,323,-0.042,Nov18,
Lakeside,92040,39,473,-0.016,352,7,255,0.085,Nov18,
Lemon Grove,91945,16,452,0.036,316,2,298,0.352,Nov18,
Linda Vista,92111,16,616,0.064,446,11,345,-0.154,Nov18,
Logan Heights,92113,11,339,-0.035,350,1,249,-0.385,Nov18,
Mira Mesa,92126,33,610,-0.008,428,15,370,0.086,Nov18,
Mission Village,92123,11,615,0.025,514,9,327,0.131,Nov18,
National City,91950,18,420,0.050,296,6,375,1.206,Nov18,
Normal Heights,92116,17,734,0.005,557,4,325,-0.058,Nov18,
North Park,92104,15,795,0.187,622,14,416,0.453,Nov18,
Ocean Beach,92107,13,975,-0.185,758,7,603,0.314,Nov18,
Oceanside,92054,12,725,0.165,436,9,575,0.372,Nov18,
Oceanside,92056,59,535,0.029,344,5,286,0.027,Nov18,
Oceanside,92057,57,418,-0.125,280,12,322,-0.005,Nov18,
Oceanside,92058,16,481,-0.031,288,10,334,0.014,Nov18,
Pacific Beach,92109,14,1125,-0.148,655,20,570,-0.120,Nov18,
Palomar Mountain,92060,,,,,,,,Nov18,
Paradise Hills,92139,15,466,0.108,293,9,269,-0.203,Nov18,
Pauma Valley,92061,2,519,-0.208,225,,,,Nov18,
Pine Valley,91962,2,569,0.339,223,,,,Nov18,
Point Loma,92106,17,1315,0.342,569,1,789,0.078,Nov18,
Potrero,91963,1,560,0.067,326,,,,Nov18,
Poway,92064,31,750,0.095,375,4,465,0.033,Nov18,
Ramona,92065,36,532,0.069,259,3,340,0.281,Nov18,
Ranch Bernardo,92127,36,1100,-0.079,386,18,408,-0.072,Nov18,
Ranch Bernardo,92128,33,744,-0.028,378,42,415,-0.057,Nov18,
Ranch Penasquitos,92129,19,788,-0.014,380,8,385,-0.137,Nov18,
Ranch Santa Fe,92067,22,2175,-0.163,496,2,1195,0.086,Nov18,
Ranch Santa Fe,92091,3,1262,-0.622,618,,,,Nov18,
Ranchita,92066,,,,,,,,Nov18,
San Carlos,92119,21,650,0.027,386,11,328,0.025,Nov18,
San Diego,92108,,,,,37,337,-0.097,Nov18,
San Diego,92112,,,,,,,,Nov18,
San Marcos,92069,27,599,0.019,309,6,309,-0.087,Nov18,
San Marcos,92078,33,755,0.034,356,23,484,-0.012,Nov18,
San Ysidro,92173,4,337,-0.237,302,5,225,-0.136,Nov18,
Santa Ysabel,92070,,,,,,,,Nov18,
Santee,92071,35,543,0.123,343,24,342,-0.076,Nov18,
Scripps Ranch,92131,23,907,-0.047,361,14,470,-0.089,Nov18,
Solana Beach,92075,7,1500,0.299,649,10,933,0.243,Nov18,
Sorrento Valley,92121,2,1085,0.528,431,4,537,-0.136,Nov18,
South San Diego,92154,32,491,0.045,294,8,348,0.121,Nov18,
Spring Valley,91977,38,460,-0.020,302,7,308,-0.030,Nov18,
Spring Valley,91978,4,500,-0.049,249,1,315,0.107,Nov18,
Tierrasanta,92124,9,775,0.177,351,8,461,-0.054,Nov18,
University City,92122,13,876,-0.014,477,15,474,0.096,Nov18,
Valley Center,92082,20,599,0.015,235,,,,Nov18,
Vista,92081,39,575,0.000,321,5,375,0.086,Nov18,
Vista,92083,14,451,-0.010,271,3,325,-0.009,Nov18,
Vista,92084,28,508,-0.117,309,2,355,0.144,Nov18,
Warner Springs,92086,1,225,-0.444,,,,,Nov18,
Countywide,,"1,673",595,0.017,347,701,405,-0.011,Dec18,
Allied Gardens,92120,26,670,0.037,387,11,349,0.097,Dec18,
Alpine,91901,14,605,-0.031,298,3,370,0.850,Dec18,
Bay Park,92110,9,810,-0.080,554,22,420,0.051,Dec18,
Bonita,91902,6,595,-0.204,292,5,305,-0.235,Dec18,
Bonsall,92003,5,630,-0.284,256,1,250,-0.172,Dec18,
Borrego Springs,92004,10,190,-0.239,116,1,269,1.143,Dec18,
Boulevard,91905,,,,,,,,Dec18,
Campo,91906,2,367,0.248,236,,,,Dec18,
Cardiff-by-the-Sea,92007,14,1670,0.341,703,1,730,0.304,Dec18,
Carlsbad,92008,10,828,-0.086,402,6,589,-0.002,Dec18,
Carlsbad,92009,30,1123,0.204,351,15,475,-0.008,Dec18,
Carlsbad,92010,15,710,-0.007,368,2,610,0.221,Dec18,
Carlsbad,92011,10,963,-0.026,475,6,866,0.274,Dec18,
Carmel Valley,92130,38,1318,0.096,458,8,745,0.219,Dec18,
Chula Vista,91910,25,560,0.018,309,7,330,0.031,Dec18,
Chula Vista,91911,30,493,0.013,308,8,348,0.078,Dec18,
Chula Vista,91913,22,591,0.035,260,17,401,0.044,Dec18,
Chula Vista,91914,10,818,0.211,288,4,430,0.072,Dec18,
Chula Vista,91915,11,655,0.056,259,23,448,0.099,Dec18,
Clairemont,92117,31,620,-0.061,462,9,355,-0.266,Dec18,
College Grove,92115,27,625,0.136,412,10,322,0.354,Dec18,
Coronado,92118,10,1733,-0.567,936,4,1400,0.239,Dec18,
Del Mar,92014,7,2450,0.181,645,5,1030,0.052,Dec18,
Descanso,91916,2,560,0.131,313,,,,Dec18,
Downtown,92101,1,1400,,456,45,540,-0.092,Dec18,
Dulzura,91917,,,,,,,,Dec18,
East San Diego,92102,13,420,0.077,361,4,361,-0.093,Dec18,
East San Diego,92105,17,442,0.006,340,6,240,0.410,Dec18,
El Cajon,92019,37,598,0.072,309,12,325,0.048,Dec18,
El Cajon,92020,26,567,0.049,348,11,252,0.145,Dec18,
El Cajon,92021,34,525,0.186,307,9,295,0.050,Dec18,
Encanto,92114,50,440,0.019,325,2,385,,Dec18,
Encinitas,92024,35,1375,0.361,549,9,710,0.368,Dec18,
Escondido,92025,21,487,0.082,299,11,306,-0.067,Dec18,
Escondido,92026,36,485,0.041,278,,,,Dec18,
Escondido,92027,23,474,0.052,308,8,235,0.001,Dec18,
Escondido,92029,25,725,-0.024,315,,,,Dec18,
Fallbrook,92028,49,533,-0.148,274,,,,Dec18,
Hillcrest,92103,11,1080,-0.164,619,19,540,-0.032,Dec18,
Imperial Beach,91932,10,623,-0.002,554,6,556,0.408,Dec18,
Jacumba,91934,1,,,,,,,Dec18,
Jamul,91935,8,628,0.101,252,,,,Dec18,
Julian,92036,7,349,-0.105,272,,,,Dec18,
La Jolla,92037,20,2200,-0.018,818,26,730,-0.163,Dec18,
La Mesa,91941,38,615,-0.035,339,3,300,-0.055,Dec18,
La Mesa,91942,16,543,-0.063,401,8,320,-0.045,Dec18,
Lakeside,92040,25,510,-0.019,324,3,224,-0.248,Dec18,
Lemon Grove,91945,22,466,0.096,344,3,265,-0.047,Dec18,
Linda Vista,92111,22,604,-0.064,412,11,330,-0.108,Dec18,
Logan Heights,92113,8,470,0.302,401,,,,Dec18,
Mira Mesa,92126,32,584,0.026,424,23,345,-0.129,Dec18,
Mission Village,92123,13,610,0.142,467,3,340,-0.292,Dec18,
National City,91950,16,420,-0.007,418,4,407,0.502,Dec18,
Normal Heights,92116,19,750,0.071,648,7,289,-0.162,Dec18,
North Park,92104,15,736,-0.019,682,7,375,0.136,Dec18,
Ocean Beach,92107,9,1005,0.005,535,9,480,0.322,Dec18,
Oceanside,92054,13,585,-0.110,435,8,575,0.084,Dec18,
Oceanside,92056,45,540,0.021,324,3,270,-0.139,Dec18,
Oceanside,92057,62,468,-0.031,306,10,345,0.256,Dec18,
Oceanside,92058,10,519,-0.039,334,5,275,-0.219,Dec18,
Pacific Beach,92109,16,1122,-0.089,888,25,632,0.265,Dec18,
Palomar Mountain,92060,1,188,,154,,,,Dec18,
Paradise Hills,92139,14,445,0.035,307,5,345,0.131,Dec18,
Pauma Valley,92061,,,,,1,350,,Dec18,
Pine Valley,91962,1,430,,417,,,,Dec18,
Point Loma,92106,12,883,-0.063,500,3,545,-0.128,Dec18,
Potrero,91963,,,,,,,,Dec18,
Poway,92064,41,770,0.073,374,3,465,0.081,Dec18,
Ramona,92065,44,494,0.018,264,1,300,-0.183,Dec18,
Ranch Bernardo,92127,30,1043,-0.052,358,15,413,-0.045,Dec18,
Ranch Bernardo,92128,25,675,-0.043,398,27,407,-0.095,Dec18,
Ranch Penasquitos,92129,17,850,0.141,367,9,363,0.169,Dec18,
Ranch Santa Fe,92067,12,2420,-0.069,396,,,,Dec18,
Ranch Santa Fe,92091,4,2860,1.398,634,2,835,,Dec18,
Ranchita,92066,,,,,,0,,Dec18,
San Carlos,92119,15,618,-0.010,332,5,319,0.078,Dec18,
San Diego,92108,2,623,,364,32,446,0.211,Dec18,
San Diego,92112,,,,,,0,,Dec18,
San Marcos,92069,30,625,0.184,326,5,315,0.223,Dec18,
San Marcos,92078,28,897,0.222,314,18,474,-0.003,Dec18,
San Ysidro,92173,4,447,-0.039,273,6,255,0.063,Dec18,
Santa Ysabel,92070,,,,,,0,,Dec18,
Santee,92071,31,517,-0.006,342,21,346,0.003,Dec18,
Scripps Ranch,92131,18,923,-0.087,331,8,485,-0.074,Dec18,
Solana Beach,92075,6,1378,-0.321,625,5,900,0.200,Dec18,
Sorrento Valley,92121,2,861,-0.156,320,2,604,,Dec18,
South San Diego,92154,20,458,-0.093,296,16,384,0.168,Dec18,
Spring Valley,91977,45,475,0.024,306,12,287,0.041,Dec18,
Spring Valley,91978,5,575,-0.094,304,4,295,-0.051,Dec18,
Tierrasanta,92124,8,662,-0.130,376,6,572,0.210,Dec18,
University City,92122,8,849,0.055,520,13,515,0.232,Dec18,
Valley Center,92082,20,550,-0.076,246,,0,,Dec18,
Vista,92081,14,557,0.004,329,4,397,-0.189,Dec18,
Vista,92083,18,435,-0.033,327,7,279,-0.064,Dec18,
Vista,92084,24,613,0.286,273,,0,,Dec18,
Warner Springs,92086,3,,,168,,0,,Dec18,
Countywide,,"1,410",588,0.041,346,592,412,0.005,Jan19,
Allied Gardens,92120,12,604,-0.113,359,7,348,-0.070,Jan19,
Alpine,91901,14,655,0.042,296,3,309,0.124,Jan19,
Bay Park,92110,6,775,0.123,628,10,499,0.202,Jan19,
Bonita,91902,17,638,-0.221,300,2,440,0.111,Jan19,
Bonsall,92003,4,614,0.041,237,,0,,Jan19,
Borrego Springs,92004,2,178,-0.066,94,2,85,0.006,Jan19,
Boulevard,91905,1,290,1.231,194,,0,,Jan19,
Campo,91906,5,340,0.204,233,,0,,Jan19,
Cardiff-by-the-Sea,92007,8,1750,0.592,674,,0,,Jan19,
Carlsbad,92008,18,1002,0.253,449,6,781,0.447,Jan19,
Carlsbad,92009,24,1053,0.053,351,21,475,-0.069,Jan19,
Carlsbad,92010,14,773,0.016,399,6,474,-0.162,Jan19,
Carlsbad,92011,14,971,-0.023,448,7,760,-0.111,Jan19,
Carmel Valley,92130,22,1297,0.054,449,18,626,-0.003,Jan19,
Chula Vista,91910,31,500,0.010,289,9,350,-0.171,Jan19,
Chula Vista,91911,23,449,-0.052,295,7,340,0.091,Jan19,
Chula Vista,91913,22,603,0.047,264,15,415,0.172,Jan19,
Chula Vista,91914,16,715,0.021,278,2,323,-0.085,Jan19,
Chula Vista,91915,12,647,0.128,247,10,455,0.173,Jan19,
Clairemont,92117,27,635,-0.043,502,5,314,-0.140,Jan19,
College Grove,92115,19,550,0.068,415,17,245,-0.032,Jan19,
Coronado,92118,11,2050,0.117,908,5,1495,0.058,Jan19,
Del Mar,92014,7,2000,-0.048,741,5,595,-0.609,Jan19,
Descanso,91916,1,475,0.570,231,,0,,Jan19,
Downtown,92101,,,,,55,550,0.028,Jan19,
Dulzura,91917,,,,,,0,,Jan19,
East San Diego,92102,6,408,-0.073,390,8,258,-0.130,Jan19,
East San Diego,92105,17,420,0.024,457,12,216,-0.016,Jan19,
El Cajon,92019,22,560,0.021,321,7,345,0.169,Jan19,
El Cajon,92020,24,480,0.011,329,4,289,0.065,Jan19,
El Cajon,92021,18,533,0.109,327,11,310,0.192,Jan19,
Encanto,92114,47,410,-0.013,319,1,390,,Jan19,
Encinitas,92024,23,1328,0.196,464,9,745,0.272,Jan19,
Escondido,92025,17,440,-0.083,380,6,541,0.419,Jan19,
Escondido,92026,39,498,-0.046,309,3,360,-0.050,Jan19,
Escondido,92027,29,470,0.062,334,2,263,0.186,Jan19,
Escondido,92029,12,797,-0.092,315,1,305,-0.287,Jan19,
Fallbrook,92028,37,505,-0.047,266,,0,,Jan19,
Hillcrest,92103,8,925,0.190,718,12,565,0.161,Jan19,
Imperial Beach,91932,11,595,0.148,471,2,846,1.891,Jan19,
Jacumba,91934,,,,,,0,,Jan19,
Jamul,91935,10,613,0.168,263,,0,,Jan19,
Julian,92036,2,435,0.087,211,,0,,Jan19,
La Jolla,92037,17,1950,-0.278,865,19,814,-0.185,Jan19,
La Mesa,91941,23,605,-0.078,338,2,284,-0.004,Jan19,
La Mesa,91942,23,540,0.009,372,10,326,-0.081,Jan19,
Lakeside,92040,23,489,-0.027,302,11,305,0.662,Jan19,
Lemon Grove,91945,18,468,0.051,339,1,330,,Jan19,
Linda Vista,92111,18,608,0.052,413,7,443,0.125,Jan19,
Logan Heights,92113,9,380,0.013,342,,0,,Jan19,
Mira Mesa,92126,22,600,0.053,365,11,415,0.162,Jan19,
Mission Village,92123,10,606,0.070,443,4,348,-0.264,Jan19,
National City,91950,10,435,0.056,305,6,315,-0.025,Jan19,
Normal Heights,92116,11,700,0.078,579,7,385,0.055,Jan19,
North Park,92104,14,735,-0.006,647,3,392,-0.020,Jan19,
Ocean Beach,92107,13,1010,0.092,535,3,499,-0.035,Jan19,
Oceanside,92054,12,610,-0.190,378,7,525,-0.026,Jan19,
Oceanside,92056,45,510,-0.049,315,5,315,-0.123,Jan19,
Oceanside,92057,42,468,0.016,301,8,295,-0.151,Jan19,
Oceanside,92058,10,540,0.385,308,2,333,0.093,Jan19,
Pacific Beach,92109,11,1200,-0.059,838,14,763,0.486,Jan19,
Palomar Mountain,92060,,,,,,0,,Jan19,
Paradise Hills,92139,13,479,0.164,312,4,312,0.023,Jan19,
Pauma Valley,92061,,,,,,0,,Jan19,
Pine Valley,91962,,,,,,0,,Jan19,
Point Loma,92106,8,1360,0.286,643,2,360,-0.576,Jan19,
Potrero,91963,,,,,,0,,Jan19,
Poway,92064,29,810,0.050,376,6,479,0.064,Jan19,
Ramona,92065,19,488,-0.044,248,3,297,0.063,Jan19,
Ranch Bernardo,92127,23,1140,-0.015,378,12,590,-0.041,Jan19,
Ranch Bernardo,92128,22,658,-0.148,386,20,411,-0.126,Jan19,
Ranch Penasquitos,92129,21,795,0.079,392,9,375,0.230,Jan19,
Ranch Santa Fe,92067,9,2525,-0.098,590,,0,,Jan19,
Ranch Santa Fe,92091,5,1275,-0.275,458,1,1225,,Jan19,
Ranchita,92066,,,,,,0,,Jan19,
San Carlos,92119,14,578,-0.063,404,4,334,0.041,Jan19,
San Diego,92108,2,558,-0.149,386,17,330,-0.024,Jan19,
San Diego,92112,,,,,,0,,Jan19,
San Marcos,92069,15,595,0.004,287,4,415,0.137,Jan19,
San Marcos,92078,24,827,0.191,336,18,460,0.000,Jan19,
San Ysidro,92173,2,583,0.280,442,4,246,0.293,Jan19,
Santa Ysabel,92070,1,479,,399,,0,,Jan19,
Santee,92071,44,498,-0.047,318,11,360,0.032,Jan19,
Scripps Ranch,92131,18,915,0.080,363,12,470,0.011,Jan19,
Solana Beach,92075,4,1488,-0.008,791,5,765,-0.180,Jan19,
Sorrento Valley,92121,1,1115,0.051,385,,0,,Jan19,
South San Diego,92154,20,445,-0.110,277,7,357,0.063,Jan19,
Spring Valley,91977,37,458,0.011,307,9,305,-0.076,Jan19,
Spring Valley,91978,4,573,0.013,335,1,305,0.089,Jan19,
Tierrasanta,92124,11,729,0.121,369,4,517,0.166,Jan19,
University City,92122,16,844,0.017,551,18,537,0.206,Jan19,
Valley Center,92082,15,640,0.076,230,,0,,Jan19,
Vista,92081,16,590,0.035,334,4,261,-0.144,Jan19,
Vista,92083,11,415,-0.067,271,4,343,0.012,Jan19,
Vista,92084,21,538,-0.014,301,,,,Jan19,
Warner Springs,92086,,,,,,,,Jan19,
,,,,,,,,,,